{
  "project_info": {
    "project_number": "992276921785",
    "firebase_url": "https://csudh-health-app.firebaseio.com",
    "project_id": "csudh-health-app",
    "storage_bucket": "csudh-health-app.appspot.com"
  },
  "client": [
    {
      "client_info": {
        "mobilesdk_app_id": "1:992276921785:android:6aab23bac4c9f10d",
        "android_client_info": {
          "package_name": "com.csudh.healthapp.csudhhealthapp"
        }
      },
      "oauth_client": [
        {
          "client_id": "992276921785-4936hrc2kupe6gtp62cpupl6b4jg5gjm.apps.googleusercontent.com",
          "client_type": 3
        }
      ],
      "api_key": [
        {
          "current_key": "AIzaSyAHC8Ju3bRJFFopmg1X9_gFT6Zb1yF7DiA"
        }
      ],
      "services": {
        "analytics_service": {
          "status": 1
        },
        "appinvite_service": {
          "status": 1,
          "other_platform_oauth_client": []
        },
        "ads_service": {
          "status": 2
        }
      }
    }
  ],
  "configuration_version": "1"
}